epoch,time,train/box_loss,train/cls_loss,train/dfl_loss,metrics/precision(B),metrics/recall(B),metrics/mAP50(B),metrics/mAP50-95(B),val/box_loss,val/cls_loss,val/dfl_loss,lr/pg0,lr/pg1,lr/pg2
1,9.3599,1.64207,2.23468,1.37084,0.86836,0.90993,0.93563,0.51061,1.56925,1.89462,1.18071,0.000648649,0.000648649,0.000648649
2,19.539,1.40545,0.93601,1.23947,0.75545,0.84483,0.88401,0.49549,1.41688,1.09562,1.17536,0.00130229,0.00130229,0.00130229
3,26.5177,1.45144,0.94427,1.23531,0.00098,0.24138,0.00024,9e-05,3.10655,inf,7.46563,0.00194274,0.00194274,0.00194274
4,36.1241,1.40746,0.86887,1.22188,0.01757,0.7069,0.01501,0.00732,1.77239,46.7652,1.31257,0.0019406,0.0019406,0.0019406
5,45.2632,1.3786,0.79282,1.23062,0.10004,0.36031,0.05774,0.02164,2.49687,8.26342,1.89751,0.0019208,0.0019208,0.0019208
6,54.9492,1.40694,0.85056,1.26592,0.81258,0.74138,0.81834,0.38517,1.79955,1.32444,1.36532,0.001901,0.001901,0.001901
7,62.4371,1.37855,0.78298,1.23831,0.97976,0.8345,0.93445,0.50033,1.50002,1.29057,1.19775,0.0018812,0.0018812,0.0018812
8,71.9567,1.36184,0.79493,1.22791,0.83838,0.71559,0.76374,0.40728,1.52863,1.36709,1.29565,0.0018614,0.0018614,0.0018614
9,78.5621,1.30824,0.72098,1.18676,0.97887,0.98276,0.99117,0.64532,1.24676,0.63513,1.11187,0.0018416,0.0018416,0.0018416
10,88.0719,1.33689,0.71936,1.22218,0.9886,1,0.995,0.57003,1.50626,0.69628,1.17169,0.0018218,0.0018218,0.0018218
11,98.967,1.30863,0.72416,1.19824,0.94418,1,0.99467,0.46859,1.57148,1.08085,1.25479,0.001802,0.001802,0.001802
12,109.137,1.32421,0.71344,1.21256,0.99837,1,0.995,0.6346,1.30689,0.55914,1.12095,0.0017822,0.0017822,0.0017822
13,117.848,1.26843,0.66364,1.18205,0.99843,1,0.995,0.65189,1.2168,0.56744,1.09131,0.0017624,0.0017624,0.0017624
14,128.31,1.26795,0.6664,1.17812,0.99831,1,0.995,0.56338,1.41021,0.57647,1.1502,0.0017426,0.0017426,0.0017426
15,136.334,1.31628,0.6766,1.21248,0.97942,0.94828,0.99099,0.46203,1.69731,0.68306,1.27946,0.0017228,0.0017228,0.0017228
16,144.958,1.28105,0.67031,1.16873,0.99487,1,0.995,0.57017,1.51592,0.60914,1.21246,0.001703,0.001703,0.001703
17,152.738,1.26704,0.67169,1.17221,0.93874,0.94828,0.96278,0.56327,1.46625,0.83458,1.19509,0.0016832,0.0016832,0.0016832
18,161.701,1.2618,0.66664,1.17914,0.97848,1,0.99449,0.65879,1.19401,0.56329,1.06475,0.0016634,0.0016634,0.0016634
19,168.877,1.27576,0.65838,1.163,0.99083,1,0.995,0.58929,1.47453,0.70009,1.20349,0.0016436,0.0016436,0.0016436
20,177.159,1.25593,0.65373,1.1728,0.99849,1,0.995,0.61797,1.33589,0.53683,1.1508,0.0016238,0.0016238,0.0016238
21,184.246,1.24749,0.65142,1.17758,0.99483,1,0.995,0.58044,1.45821,0.59864,1.19963,0.001604,0.001604,0.001604
22,191.037,1.23214,0.62916,1.17513,0.99842,1,0.995,0.64927,1.23517,0.48984,1.09124,0.0015842,0.0015842,0.0015842
23,197.492,1.2175,0.62494,1.15891,0.99876,1,0.995,0.55835,1.48062,0.54342,1.19028,0.0015644,0.0015644,0.0015644
24,205.275,1.23569,0.61326,1.16173,0.99864,1,0.995,0.57753,1.38473,0.52277,1.15241,0.0015446,0.0015446,0.0015446
25,211.367,1.21568,0.62708,1.16029,0.99861,1,0.995,0.65912,1.16046,0.50071,1.07315,0.0015248,0.0015248,0.0015248
26,219.231,1.19155,0.60809,1.15042,0.99784,0.98276,0.99483,0.6177,1.28231,0.53996,1.123,0.001505,0.001505,0.001505
27,226.688,1.19706,0.60883,1.15666,0.9982,1,0.995,0.6274,1.27547,0.51511,1.11684,0.0014852,0.0014852,0.0014852
28,234.664,1.21316,0.60051,1.14673,0.99837,1,0.995,0.63354,1.14514,0.49489,1.06884,0.0014654,0.0014654,0.0014654
29,240.754,1.15147,0.5671,1.11862,0.99751,1,0.995,0.68825,1.15744,0.46565,1.06429,0.0014456,0.0014456,0.0014456
30,249.678,1.16551,0.59601,1.13206,0.99751,1,0.995,0.60609,1.3559,0.50289,1.18212,0.0014258,0.0014258,0.0014258
31,258.454,1.14797,0.56133,1.12497,0.99864,1,0.995,0.58568,1.4816,0.58621,1.20295,0.001406,0.001406,0.001406
32,265.764,1.23476,0.61131,1.1664,0.99567,1,0.995,0.6142,1.39375,0.51463,1.16961,0.0013862,0.0013862,0.0013862
33,271.853,1.13652,0.57084,1.1372,0.99825,1,0.995,0.65642,1.16653,0.46593,1.09895,0.0013664,0.0013664,0.0013664
34,280.205,1.1474,0.57172,1.12727,0.99859,1,0.995,0.6603,1.20084,0.47404,1.09904,0.0013466,0.0013466,0.0013466
35,286.732,1.14785,0.56107,1.14014,0.99863,1,0.995,0.64253,1.2498,0.46079,1.12732,0.0013268,0.0013268,0.0013268
36,296.126,1.15189,0.55223,1.13737,0.99681,1,0.995,0.63876,1.27079,0.50006,1.13295,0.001307,0.001307,0.001307
37,304.555,1.10513,0.55359,1.11874,0.99876,1,0.995,0.63295,1.29105,0.48378,1.14091,0.0012872,0.0012872,0.0012872
38,311.676,1.09673,0.55828,1.11884,0.99699,1,0.995,0.66003,1.23517,0.46567,1.11111,0.0012674,0.0012674,0.0012674
39,320.336,1.11147,0.53627,1.09844,0.99676,1,0.995,0.59184,1.38999,0.49974,1.15134,0.0012476,0.0012476,0.0012476
40,327.154,1.09559,0.55415,1.10459,0.99762,1,0.995,0.5501,1.50291,0.52699,1.20405,0.0012278,0.0012278,0.0012278
41,333.497,1.09135,0.5315,1.09804,0.99804,1,0.995,0.68937,1.07987,0.44065,1.05364,0.001208,0.001208,0.001208
42,341.247,1.08643,0.53617,1.09963,0.9976,1,0.995,0.63518,1.24487,0.46624,1.10532,0.0011882,0.0011882,0.0011882
43,349.749,1.09054,0.55272,1.09628,0.99866,1,0.995,0.65789,1.21503,0.50414,1.10792,0.0011684,0.0011684,0.0011684
44,358.317,1.10949,0.5508,1.10202,0.99819,1,0.995,0.55626,1.47162,0.52109,1.22981,0.0011486,0.0011486,0.0011486
45,365.654,1.0874,0.53287,1.09707,0.99835,1,0.995,0.62394,1.23108,0.46323,1.10282,0.0011288,0.0011288,0.0011288
46,372.945,1.08208,0.5212,1.08826,0.99316,1,0.995,0.64284,1.27682,0.49502,1.11856,0.001109,0.001109,0.001109
47,382.046,1.04453,0.50644,1.08275,0.99435,1,0.995,0.75797,0.85161,0.40444,0.97961,0.0010892,0.0010892,0.0010892
48,388.492,1.06755,0.51409,1.0868,0.99845,1,0.995,0.6213,1.21612,0.44433,1.10384,0.0010694,0.0010694,0.0010694
49,397.155,1.02942,0.5162,1.08686,0.99781,1,0.995,0.69307,1.08172,0.41848,1.05355,0.0010496,0.0010496,0.0010496
50,405.831,1.04124,0.50149,1.07689,0.9982,1,0.995,0.67598,1.14196,0.44473,1.05889,0.0010298,0.0010298,0.0010298
51,413.739,1.02227,0.4986,1.05867,0.99729,1,0.995,0.69253,1.09706,0.45033,1.06322,0.00101,0.00101,0.00101
52,419.943,1.05123,0.51045,1.08943,0.9976,1,0.995,0.67435,1.09556,0.42004,1.06766,0.0009902,0.0009902,0.0009902
53,428.142,1.02734,0.5027,1.0654,0.99815,1,0.995,0.54794,1.56136,0.5216,1.30737,0.0009704,0.0009704,0.0009704
54,434.322,1.01754,0.4812,1.06068,0.99877,1,0.995,0.63374,1.24386,0.43292,1.12291,0.0009506,0.0009506,0.0009506
55,442.175,1.01278,0.49394,1.06505,0.99886,1,0.995,0.61056,1.33688,0.46063,1.16217,0.0009308,0.0009308,0.0009308
56,449.336,1.02489,0.47881,1.07362,0.98255,1,0.995,0.65057,1.16343,0.45356,1.09157,0.000911,0.000911,0.000911
57,457.584,1.00682,0.48626,1.05548,0.99785,1,0.995,0.6687,1.07372,0.43221,1.04366,0.0008912,0.0008912,0.0008912
58,465.844,0.97325,0.47333,1.04361,0.9987,1,0.995,0.64846,1.19994,0.43992,1.09486,0.0008714,0.0008714,0.0008714
59,474.878,0.99196,0.49993,1.06347,0.98998,1,0.995,0.66693,1.06391,0.44851,1.04718,0.0008516,0.0008516,0.0008516
60,481.887,0.9587,0.47144,1.03743,0.99562,1,0.995,0.67258,1.1043,0.43999,1.06401,0.0008318,0.0008318,0.0008318
61,489.954,0.94995,0.45693,1.04982,0.99608,1,0.995,0.66224,1.08989,0.42376,1.06528,0.000812,0.000812,0.000812
62,496.341,0.96676,0.4682,1.06478,0.99337,1,0.995,0.72456,0.99175,0.40877,1.02496,0.0007922,0.0007922,0.0007922
63,505.677,0.94233,0.45544,1.03021,0.99717,1,0.995,0.72604,0.96058,0.41099,1.02101,0.0007724,0.0007724,0.0007724
64,511.95,0.96852,0.4615,1.05253,0.99864,1,0.995,0.65365,1.20959,0.44959,1.12834,0.0007526,0.0007526,0.0007526
65,521.541,0.95148,0.45993,1.035,0.99772,1,0.995,0.71138,1.00954,0.41761,1.03484,0.0007328,0.0007328,0.0007328
66,527.696,0.93645,0.44335,1.03594,0.99848,1,0.995,0.69049,1.13834,0.43336,1.09779,0.000713,0.000713,0.000713
67,536.458,0.91454,0.44262,1.04394,0.99815,1,0.995,0.64993,1.18851,0.43824,1.12153,0.0006932,0.0006932,0.0006932
